{"cameraMode":{"drawMode":0,"name":"Shaded","section":"Shading Mode"},"sceneLighting":false,"audioPlay":false,"sceneViewState":{"m_AlwaysRefresh":false,"showFog":true,"showSkybox":false,"showFlares":true,"showImageEffects":true,"showParticleSystems":true,"showVisualEffectGraphs":true,"m_FxEnabled":true},"in2DMode":false,"pivot":{"x":-0.8967295289039612,"y":0.8592785000801086,"z":3.067168951034546},"rotation":{"x":-0.0029256604611873628,"y":0.9936231374740601,"z":-0.1095501035451889,"w":-0.02653491497039795},"size":1.0616950988769532,"orthographic":false}